first_name,last_name,id,street,city,state,zip
Lilia,Aleixo,939285195,4921 Valley Edge Street,Tacoma,WA,98417
Stephan,Andras,742008557,5 Hayes Pass,Seattle,WA,98195
Trude,Ballintime,908918933,20 Independence Street,Spokane,WA,99260
Valentina,Berston,594959948,6032 Sunfield Terrace,Seattle,WA,98115
Kirby,Cordner,622185745,1123 Manitowish Crossing,Lakewood,WA,98498
George,Grime,501145083,7 Magdeline Center,Bellevue,WA,98008
Jule,Hallows,341582248,93 Michigan Center,Tacoma,WA,98442
Krishna,Harraway,934406716,5469 Waubesa Junction,Tacoma,WA,98442
Thornton,Kensall,128133502,857 Pankratz Lane,Tacoma,WA,98447
Richmond,MacMearty,353041585,8158 South Hill,Seattle,WA,98115
Abbe,Molesworth,625520925,880 Donald Avenue,Vancouver,WA,98664
Bird,Ourtic,700157159,5 Forest Dale Crossing,Seattle,WA,98121
Bekki,Pattisson,478691266,54 Oriole Trail,Spokane,WA,99205
Issy,Roarty,174204946,6519 1st Lane,Spokane,WA,99210
Robby,Sandever,305628285,22280 Clyde Gallagher Plaza,Vancouver,WA,98682
Talyah,Sissot,261204169,8 Sutteridge Avenue,Lakewood,WA,98498
Simone,Tight,819314716,2091 Dennis Crossing,Seattle,WA,98121
Annabel,Vanlint,450585982,694 Dixon Center,Seattle,WA,98185
Louisette,Went,776277297,2962 Utah Junction,Yakima,WA,98907
Miguelita,Zanini,263034389,686 Manitowish Drive,Tacoma,WA,98424
